id,title,label,filtered_words_str
R129,New Report on Election,REAL,"military,wish,position.,already,answer.,experts,discuss,ongoing,developments,election."
R227,New Report on Climate Change,REAL,"something,attack,family,beyond,interview.,thousand,finish,culture,east,happen,stand,member.,look,learn,item,country,high,several.,experts,discuss,ongoing,developments,climate,change."
F231,Aliens Confirmed by Sources,FAKE,"among,serve,total.,child,whatever,bag,defense,past.,table,everyone,represent,guy,lot.,—,shocking,claims,aliens,surface,internet."
R066,New Report on Policy,REAL,"money,politics,way,adult,low,bill.,doctor,rise,item.,difficult,night,improve,lay.,experts,discuss,ongoing,developments,policy."
F095,Mind Control Confirmed by Sources,FAKE,"rich,identify,fall,local,real,certainly,customer,finish.,great,political,across,several,rock,show.,—,shocking,claims,mind,control,surface,internet."
R174,New Report on Policy,REAL,"floor,seek,pressure.,page,brother,provide,happy,up.,entire,perform,itself.,experts,discuss,ongoing,developments,policy."
R201,New Report on Public Health,REAL,"bill,later,establish.,cell,ago,know,enough,hour,investment.,account,ever.,experts,discuss,ongoing,developments,public,health."
R072,New Report on Education,REAL,"window,lot,home.,effect,green,still,mr,lose,or.,experts,discuss,ongoing,developments,education."
R064,New Report on Research,REAL,"young,friend,quality,research,enjoy.,popular,evening,kid.,fine,home,speech,establish.,experts,discuss,ongoing,developments,research."
F037,Miracle Drug Confirmed by Sources,FAKE,"red,whether,party,street,catch.,heart,term,ready,reveal,size.,—,shocking,claims,miracle,drug,surface,internet."
R170,New Report on Technology Breakthrough,REAL,"forget,visit,adult,form,size,security,call,case.,experts,discuss,ongoing,developments,technology,breakthrough."
F110,Celebrity Scandal Confirmed by Sources,FAKE,"tough,little,anyone,enjoy,machine,federal,itself.,describe,young,color.,hit,shake,many,necessary,side,power.,—,shocking,claims,celebrity,scandal,surface,internet."
F048,Secret Cure Confirmed by Sources,FAKE,"service,less.,within,suffer,realize,eye,message,past.,—,shocking,claims,secret,cure,surface,internet."
F082,Hoax Confirmed by Sources,FAKE,"dream,service,nothing.,grow,buy,little.,general,investment,science,then.,—,shocking,claims,hoax,surface,internet."
F187,Miracle Drug Confirmed by Sources,FAKE,"white,experience,majority,charge,special,course,worker.,trial,congress,indeed,bit,since,interest,say.,—,shocking,claims,miracle,drug,surface,internet."
F027,Miracle Drug Confirmed by Sources,FAKE,"hold,fear.,degree,foreign,show,woman,television,party.,—,shocking,claims,miracle,drug,surface,internet."
F202,Hoax Confirmed by Sources,FAKE,"american,result,owner,may,old,law.,care,leader,loss,environment,data.,relate,visit,blue.,—,shocking,claims,hoax,surface,internet."
F197,Secret Cure Confirmed by Sources,FAKE,"threat,technology,mouth.,explain,box,everything,return.,last,upon,wall,class,thank.,—,shocking,claims,secret,cure,surface,internet."
R128,New Report on Climate Change,REAL,"market,usually,impact,else.,oil,police,loss,economy,air.,experts,discuss,ongoing,developments,climate,change."
F157,Government Cover-Up Confirmed by Sources,FAKE,"administration,add,member,education,political,see,win,which.,continue,back,huge,financial,end,leader,tend,response.,—,shocking,claims,government,cover-up,surface,internet."
F117,Hoax Confirmed by Sources,FAKE,"security,western,indeed,never,teach,seat.,near,major,probably.,receive,despite,film,garden,third,group,you.,—,shocking,claims,hoax,surface,internet."
F173,Secret Cure Confirmed by Sources,FAKE,"stand,office,happen,boy,country,science.,—,shocking,claims,secret,cure,surface,internet."
F024,Aliens Confirmed by Sources,FAKE,"lot,ten,daughter,collection,structure,alone,compare,finish.,authority,left,blood,main.,—,shocking,claims,aliens,surface,internet."
F096,Celebrity Scandal Confirmed by Sources,FAKE,"officer,remain,team,exactly,gas,lawyer,perhaps.,clear,old,write,technology,never.,spring,early,young,us,level.,—,shocking,claims,celebrity,scandal,surface,internet."
R247,New Report on Public Health,REAL,"national,foot,expert,current.,former,born,rest,her.,experts,discuss,ongoing,developments,public,health."
F226,Government Cover-Up Confirmed by Sources,FAKE,"baby,arrive,career,time.,ask,run,call.,draw,others,popular,take.,laugh,guy,day,measure.,—,shocking,claims,government,cover-up,surface,internet."
F100,Flat Earth Confirmed by Sources,FAKE,"hot,morning.,question,kind,allow,event,writer,or.,remain,give,reveal,through.,might,include,allow,serious.,—,shocking,claims,flat,earth,surface,internet."
F246,Government Cover-Up Confirmed by Sources,FAKE,"beat,field,believe,simply,him.,policy,television,point,present,glass.,position,discuss,reason,single,analysis,senior.,type,store,mother,business,police.,—,shocking,claims,government,cover-up,surface,internet."
F183,Aliens Confirmed by Sources,FAKE,"summer,study,side,sister.,message,attack,conference,meet,space.,send,bring,campaign,effort,management,important.,—,shocking,claims,aliens,surface,internet."
R063,New Report on Policy,REAL,"left,mouth,tend,public,mr,general.,cover,government,test,price,real.,significant,late,tell,light.,experts,discuss,ongoing,developments,policy."
R005,New Report on Election,REAL,"spend,already,serve,late,information,culture.,institution,today,reveal,street.,prepare,dog,power,method.,experts,discuss,ongoing,developments,election."
R084,New Report on Election,REAL,"trial,charge,idea,story,opportunity,join.,especially,boy,design,sort,option,consumer,run,couple.,experts,discuss,ongoing,developments,election."
R124,New Report on Education,REAL,"star,field,red,quickly,dinner.,rest,wish,lawyer.,experts,discuss,ongoing,developments,education."
R118,New Report on Research,REAL,"bag,whole,write,dinner.,experts,discuss,ongoing,developments,research."
F001,Aliens Confirmed by Sources,FAKE,"common,remember,few.,—,shocking,claims,aliens,surface,internet."
F007,Immortal Jellyfish Confirmed by Sources,FAKE,"collection,art,work,true,whom.,local,might,rock,throw,stop.,tax,east,standard,first,build,occur.,—,shocking,claims,immortal,jellyfish,surface,internet."
F046,Mind Control Confirmed by Sources,FAKE,"edge,save,daughter,color.,ever,cup,society,score,figure.,go,doctor,defense,cell,last,important,measure.,—,shocking,claims,mind,control,surface,internet."
R103,New Report on Research,REAL,"tough,television,moment,onto,color,forget.,best,wall,executive,set,form.,laugh,represent,radio,lot,defense,weight.,experts,discuss,ongoing,developments,research."
R037,New Report on Budget Report,REAL,"establish,send,charge,score,statement.,project,appear,writer,close,arm,subject,but.,mr,like,career,join,scene,entire,people.,experts,discuss,ongoing,developments,budget,report."
F193,Secret Cure Confirmed by Sources,FAKE,"smile,police,table.,key,call,economy,building,next,stock,congress.,—,shocking,claims,secret,cure,surface,internet."
R166,New Report on Election,REAL,"cost,figure,threat,plan,policy,hold,reason.,particularly,bit,north,image,property.,understand,amount,window,scene,degree.,experts,discuss,ongoing,developments,election."
F017,Immortal Jellyfish Confirmed by Sources,FAKE,"impact,stop,decade,dinner,single,share.,game,spring.,site,imagine,table,different,morning,worry.,—,shocking,claims,immortal,jellyfish,surface,internet."
R008,New Report on Economic Growth,REAL,"young,yes,various,street.,keep,focus,ahead,board,idea.,experts,discuss,ongoing,developments,economic,growth."
F071,Celebrity Scandal Confirmed by Sources,FAKE,"air,exactly,food,discussion,western,area,must.,yet,smile,discussion,discover,whatever.,yes,take,management,us,window,population.,remember,behind,leave,technology,contain,away.,—,shocking,claims,celebrity,scandal,surface,internet."
F028,Mind Control Confirmed by Sources,FAKE,"recently,significant,congress,base,want,free.,thus,ago,cold,around,provide,teacher.,—,shocking,claims,mind,control,surface,internet."
F227,Immortal Jellyfish Confirmed by Sources,FAKE,"board,join,table,probably,support,push.,cost,top,pm,morning.,look,add,expect.,style,easy,cell,building,challenge,theory.,—,shocking,claims,immortal,jellyfish,surface,internet."
R200,New Report on Public Health,REAL,"cup,air,baby,kid,might,throughout,write.,nice,technology,media,what.,research,begin,education,degree,much,fall.,experts,discuss,ongoing,developments,public,health."
R225,New Report on Climate Change,REAL,"sense,road,marriage,money,model,others.,generation,partner,six,happy,theory.,experts,discuss,ongoing,developments,climate,change."
R062,New Report on Budget Report,REAL,"whether,describe,physical,security,rather,final,democrat.,artist,partner,write,enjoy,anything,fast,election.,scientist,bank,discuss,box,individual,space,himself.,experts,discuss,ongoing,developments,budget,report."
F033,Hoax Confirmed by Sources,FAKE,"hot,music,former.,pretty,respond,take,customer,staff.,discussion,resource,sit,current,citizen,experience.,—,shocking,claims,hoax,surface,internet."
F012,Hoax Confirmed by Sources,FAKE,"nature,science,interest,bank,poor.,affect,ten,capital,pass.,—,shocking,claims,hoax,surface,internet."
R121,New Report on Research,REAL,"new,total,upon,happen.,event,challenge,sign,particularly,different,continue.,experts,discuss,ongoing,developments,research."
F210,Aliens Confirmed by Sources,FAKE,"sense,hour,bad,determine,traditional,question.,several,police,produce,often,available,include.,enter,wish,court,cover,pm,way,training.,—,shocking,claims,aliens,surface,internet."
F151,Hoax Confirmed by Sources,FAKE,"north,professor,whole,fact,officer,arm.,apply,perform.,nation,mean,rock,share.,—,shocking,claims,hoax,surface,internet."
F099,Secret Cure Confirmed by Sources,FAKE,"human,right,available,field,expect.,economic,capital,keep,business,computer.,—,shocking,claims,secret,cure,surface,internet."
R090,New Report on Technology Breakthrough,REAL,"hundred,answer,white,vote,statement,sort.,story,drive,since,chair,perform,city,enough,full.,experts,discuss,ongoing,developments,technology,breakthrough."
R125,New Report on Budget Report,REAL,"wonder,college,course,research,people.,away,special,serve,wrong,section,debate,wish.,experts,discuss,ongoing,developments,budget,report."
R091,New Report on Climate Change,REAL,"strong,study,hour,check.,single,minute,center,high,fly,long.,experts,discuss,ongoing,developments,climate,change."
R157,New Report on Climate Change,REAL,"choose,whether,six,notice,student,might.,meet,middle,put,quite.,perhaps,particular,talk,then.,experts,discuss,ongoing,developments,climate,change."
F098,Miracle Drug Confirmed by Sources,FAKE,"network,per,right,whose,color,event,firm,cold.,color,begin,population,power,admit.,wait,push,various,oil,son.,—,shocking,claims,miracle,drug,surface,internet."
F164,Immortal Jellyfish Confirmed by Sources,FAKE,"go,interview,service,really,ever,kid.,produce,hour,seem,live,change,smile,call,mean.,beat,open,congress.,—,shocking,claims,immortal,jellyfish,surface,internet."
R050,New Report on Economic Growth,REAL,"evening,rest,let,treatment,plan,event,fill,treatment.,current,church,situation,family,professional,brother,learn.,local,social.,experts,discuss,ongoing,developments,economic,growth."
R249,New Report on Climate Change,REAL,"beautiful,woman,factor.,nice,onto,heavy.,experts,discuss,ongoing,developments,climate,change."
R093,New Report on Election,REAL,"phone,authority,lose,worry,region.,identify,machine,believe.,experts,discuss,ongoing,developments,election."
R131,New Report on Education,REAL,"within,happen,remember,feel,pick.,argue,nation,well,everybody,include,worker.,service,including,society,meet,whether,tv,pay,discover.,experts,discuss,ongoing,developments,education."
F107,Flat Earth Confirmed by Sources,FAKE,"act,miss,pick,chair,success,dream.,bring,others.,wide,talk,black,him.,—,shocking,claims,flat,earth,surface,internet."
F153,Hoax Confirmed by Sources,FAKE,"argue,arrive,land,face,present.,peace,sit,response.,—,shocking,claims,hoax,surface,internet."
F091,Flat Earth Confirmed by Sources,FAKE,"feeling,air,memory,history.,yard,blood,ok,understand.,—,shocking,claims,flat,earth,surface,internet."
R246,New Report on Economic Growth,REAL,"hospital,maybe,tax,between.,maybe,loss,generation,admit,right,room.,technology,term,research,practice,population,able,hundred.,experts,discuss,ongoing,developments,economic,growth."
F004,Secret Cure Confirmed by Sources,FAKE,"purpose,across,one,purpose,together,more.,yeah,piece,happen,idea,break,happy.,expert,hot,old,team.,—,shocking,claims,secret,cure,surface,internet."
F220,Celebrity Scandal Confirmed by Sources,FAKE,"especially,argue,reach,subject,character,with.,trouble,community,speech.,—,shocking,claims,celebrity,scandal,surface,internet."
F121,Hoax Confirmed by Sources,FAKE,"physical,name,follow,majority,nearly,tax,left.,type,lawyer,thus,point,check.,—,shocking,claims,hoax,surface,internet."
F245,Mind Control Confirmed by Sources,FAKE,"inside,start,tough.,—,shocking,claims,mind,control,surface,internet."
R035,New Report on Climate Change,REAL,"trade,tough,compare.,green,court,music,goal.,experts,discuss,ongoing,developments,climate,change."
R024,New Report on Education,REAL,"win,worker,capital.,experts,discuss,ongoing,developments,education."
F079,Miracle Drug Confirmed by Sources,FAKE,"bed,cost,bit,thousand,national.,professor,sometimes,likely,eye.,hospital,class,window,southern,course,fear.,—,shocking,claims,miracle,drug,surface,internet."
R094,New Report on Policy,REAL,"say,commercial,wrong,big.,task,walk,art,admit,score,investment,face.,might,federal,truth,team.,speak,easy,new,spend,language,speak,subject,wife.,experts,discuss,ongoing,developments,policy."
R040,New Report on Policy,REAL,"happen,available,individual,field,pay.,visit,else,later,sign.,experts,discuss,ongoing,developments,policy."
F170,Immortal Jellyfish Confirmed by Sources,FAKE,"argue,pick,east,evidence,point,without.,color,party,event,possible.,father,treatment,hotel,husband.,—,shocking,claims,immortal,jellyfish,surface,internet."
F130,Immortal Jellyfish Confirmed by Sources,FAKE,"prevent,allow,situation,answer,black,heavy,book.,production,word,owner,wind,behavior.,—,shocking,claims,immortal,jellyfish,surface,internet."
R085,New Report on Economic Growth,REAL,"around,fish,recent,six,expect.,experts,discuss,ongoing,developments,economic,growth."
R054,New Report on Budget Report,REAL,"thing,determine,far,politics,food,nearly.,law,east,commercial.,wish,arrive,long,purpose,training,positive,officer,southern.,experts,discuss,ongoing,developments,budget,report."
R047,New Report on Technology Breakthrough,REAL,"hundred,history,away,outside.,record,summer,owner,inside,build,general.,experts,discuss,ongoing,developments,technology,breakthrough."
R199,New Report on Economic Growth,REAL,"first,land,perform,rock,whose,decision,research.,fine,management,add,different,market,election,space.,bad,toward,hit.,experts,discuss,ongoing,developments,economic,growth."
F062,Miracle Drug Confirmed by Sources,FAKE,"knowledge,beautiful,better.,assume,near,at.,—,shocking,claims,miracle,drug,surface,internet."
R244,New Report on Technology Breakthrough,REAL,"participant,peace,lose.,throughout,wait,sister,happy,wall.,experts,discuss,ongoing,developments,technology,breakthrough."
R107,New Report on Election,REAL,"response,success,foreign.,experts,discuss,ongoing,developments,election."
F148,Aliens Confirmed by Sources,FAKE,"actually,act,push.,modern,affect,also,break,the.,—,shocking,claims,aliens,surface,internet."
F023,Mind Control Confirmed by Sources,FAKE,"store,stop,protect,support,forget,involve,write.,music,season.,—,shocking,claims,mind,control,surface,internet."
R075,New Report on Budget Report,REAL,"knowledge,evidence,capital,lawyer.,experts,discuss,ongoing,developments,budget,report."
R220,New Report on Public Health,REAL,"run,walk,shoulder,produce,research,age.,product,building,player,language,thus.,experts,discuss,ongoing,developments,public,health."
R099,New Report on Economic Growth,REAL,"participant,pick,fire,story,practice.,always,study,eight,industry.,matter,group,fund,even.,experts,discuss,ongoing,developments,economic,growth."
F066,Flat Earth Confirmed by Sources,FAKE,"ahead,future,card,measure,response,try.,process,officer,game,go,such.,good,total,section,special,either,him.,dinner,everything,well,writer.,—,shocking,claims,flat,earth,surface,internet."
F060,Flat Earth Confirmed by Sources,FAKE,"suddenly,treatment,career,describe.,information,trip,every.,million,section,listen,pm,southern.,—,shocking,claims,flat,earth,surface,internet."
F022,Government Cover-Up Confirmed by Sources,FAKE,"wife,evidence,natural,time,manager,sing.,alone,rate,difference,lead,spend.,true,enough,tree.,—,shocking,claims,government,cover-up,surface,internet."
F127,Mind Control Confirmed by Sources,FAKE,"none,guess,couple,team.,peace,bar,second,run,discussion,raise,plan.,—,shocking,claims,mind,control,surface,internet."
R212,New Report on Education,REAL,"plant,actually,pass,first,fine,stuff,threat,value.,hand,baby,individual,pm.,experts,discuss,ongoing,developments,education."
F119,Mind Control Confirmed by Sources,FAKE,"class,seem,measure,cover.,idea,bad,behind,cold,great,pull,economic.,hundred,though,action,former.,—,shocking,claims,mind,control,surface,internet."
F103,Hoax Confirmed by Sources,FAKE,"perform,series,also,environmental,clearly.,course,base,ok.,—,shocking,claims,hoax,surface,internet."
F191,Mind Control Confirmed by Sources,FAKE,"exactly,fill,decade,past.,alone,stage,decision,unit,whether,stage,tend.,—,shocking,claims,mind,control,surface,internet."
F002,Mind Control Confirmed by Sources,FAKE,"deal,chair,cup,meeting,remember.,car,claim,relate,suggest,write,easy,base.,—,shocking,claims,mind,control,surface,internet."
R155,New Report on Election,REAL,"head,provide,financial,source,team.,candidate,surface,keep,central,particularly,hair.,experts,discuss,ongoing,developments,election."
R006,New Report on Technology Breakthrough,REAL,"pattern,carry,cause,property.,onto,cover,side,successful,service,girl.,experts,discuss,ongoing,developments,technology,breakthrough."
F086,Government Cover-Up Confirmed by Sources,FAKE,"deal,name,chair,carry,message,yeah.,plant,professor,several,political.,—,shocking,claims,government,cover-up,surface,internet."
R168,New Report on Election,REAL,"air,skin,figure,show.,really,contain,product,child,throughout.,close,ago,general,him.,experts,discuss,ongoing,developments,election."
R077,New Report on Public Health,REAL,"along,nothing,language.,simply,condition,wrong,town,federal.,full,piece,interview,appear,commercial,explain,growth,finally.,experts,discuss,ongoing,developments,public,health."
F209,Hoax Confirmed by Sources,FAKE,"sit,follow,administration,would.,mission,deal,level,wife,summer,billion,vote.,—,shocking,claims,hoax,surface,internet."
R236,New Report on Public Health,REAL,"side,today,president,grow.,cut,body,soon,recently,relationship.,top,face,drive,war,lead,modern,interesting.,growth.,experts,discuss,ongoing,developments,public,health."
F186,Aliens Confirmed by Sources,FAKE,"station,imagine,every,trip,doctor.,—,shocking,claims,aliens,surface,internet."
R243,New Report on Public Health,REAL,"society,road,human,onto.,hard,wife,wide,carry.,appear,account,network.,experts,discuss,ongoing,developments,public,health."
F094,Immortal Jellyfish Confirmed by Sources,FAKE,"possible,marriage,guess.,look,data,participant,author,difference,sell,music,traditional.,—,shocking,claims,immortal,jellyfish,surface,internet."
R032,New Report on Economic Growth,REAL,"throw,feel,leader,south,player.,finally,base,rest,choice,appear,matter,result.,experts,discuss,ongoing,developments,economic,growth."
R033,New Report on Education,REAL,"away,ability,let,night,late.,common,college,baby,somebody,consumer.,experts,discuss,ongoing,developments,education."
R045,New Report on Technology Breakthrough,REAL,"media,step,wind,example,gas,southern,plan,performance.,yeah,way,evidence,along,power.,professional,know,trade,team,seem,take,ten.,medical,pick,tough,run,mean,why.,experts,discuss,ongoing,developments,technology,breakthrough."
R116,New Report on Education,REAL,"take,executive,capital.,cause,large,vote,throughout,authority.,memory,particularly,good,rise,discover,along.,experts,discuss,ongoing,developments,education."
F056,Celebrity Scandal Confirmed by Sources,FAKE,"agency,thought,instead,suffer,bank,rest.,worker,section,teacher,situation,company.,edge,media,end,charge,skin.,similar.,—,shocking,claims,celebrity,scandal,surface,internet."
R043,New Report on Policy,REAL,"weight,yard,evidence,apply,boy,two.,wish,trade,collection,three,much.,consumer,national,might,knowledge,exist,thing,sound.,experts,discuss,ongoing,developments,policy."
R145,New Report on Economic Growth,REAL,"service,without,project,maybe,second,amount,agree.,forward,always,dark,fine,long,place,consumer,business.,interview,feel,air,resource,learn.,sell,big,rock,themselves.,experts,discuss,ongoing,developments,economic,growth."
F200,Secret Cure Confirmed by Sources,FAKE,"admit,still,official,start.,million,industry,top.,—,shocking,claims,secret,cure,surface,internet."
F034,Celebrity Scandal Confirmed by Sources,FAKE,"public,check,natural,result.,know,allow,make,mean.,truth,nearly,sister,let,book,him.,plan,drop,artist.,—,shocking,claims,celebrity,scandal,surface,internet."
F149,Secret Cure Confirmed by Sources,FAKE,"way,individual,form,law,glass,single,wonder,soldier.,card,relate,significant,power,will.,—,shocking,claims,secret,cure,surface,internet."
F051,Secret Cure Confirmed by Sources,FAKE,"military,national,others,small,statement,number,live.,teacher,home,east.,parent,institution,state,parent,rather,particularly.,—,shocking,claims,secret,cure,surface,internet."
F089,Flat Earth Confirmed by Sources,FAKE,"remember,draw,stand,body,economic,source,minute,might.,production,free,nice,drive,total,baby.,sell,tough,together,us,nation,tv,laugh.,offer,meeting,community,since.,—,shocking,claims,flat,earth,surface,internet."
F135,Flat Earth Confirmed by Sources,FAKE,"present,bring,account,behind,painting,help.,amount,word,hundred,law,begin,hot.,—,shocking,claims,flat,earth,surface,internet."
F088,Government Cover-Up Confirmed by Sources,FAKE,"reveal,better,military,early,guess.,—,shocking,claims,government,cover-up,surface,internet."
R010,New Report on Election,REAL,"score,career,career,force,participant,wish.,step,machine,may.,company,hour,long,apply,way,well,option.,experts,discuss,ongoing,developments,election."
R211,New Report on Policy,REAL,"generation,real,stuff.,part,catch,position,spend,blood.,white,business,upon,discussion,professional,behind.,experts,discuss,ongoing,developments,policy."
F204,Miracle Drug Confirmed by Sources,FAKE,"sing,subject,protect,start,doctor,seven.,study,respond,always,growth.,become,manager,professor.,radio,involve,trip,machine,fast.,—,shocking,claims,miracle,drug,surface,internet."
F168,Miracle Drug Confirmed by Sources,FAKE,"hit,reach,toward,seven,parent,fill,be.,particular,level,teach,property,foreign,send,into.,value,year,morning,answer.,—,shocking,claims,miracle,drug,surface,internet."
R011,New Report on Public Health,REAL,"change,glass,coach,reach,pick.,age,family,issue,form,parent,case.,population,yeah,like,pattern,think,institution.,experts,discuss,ongoing,developments,public,health."
R232,New Report on Climate Change,REAL,"stock,machine,middle.,five,charge,despite,two,produce,name.,experts,discuss,ongoing,developments,climate,change."
R042,New Report on Public Health,REAL,"stay,surface,note,probably,ground,blood,suggest.,organization,practice,position,property,operation,as.,audience,staff,magazine.,experts,discuss,ongoing,developments,public,health."
F182,Hoax Confirmed by Sources,FAKE,"black,reduce,group,million,accept,economic,your.,—,shocking,claims,hoax,surface,internet."
F036,Miracle Drug Confirmed by Sources,FAKE,"western,get,raise,war,fish.,direction,buy,sort,prove.,—,shocking,claims,miracle,drug,surface,internet."
F068,Secret Cure Confirmed by Sources,FAKE,"usually,close,national,none.,lose,realize,play,small.,position,yeah,specific,trade,consumer,person,clearly,face.,—,shocking,claims,secret,cure,surface,internet."
R015,New Report on Election,REAL,"increase,general,seat,over.,series,black,response,personal,owner,evidence,station.,night,produce,subject,race.,experts,discuss,ongoing,developments,election."
R147,New Report on Climate Change,REAL,"consider.,population,service,magazine,brother.,ready,item,way,act,day.,experts,discuss,ongoing,developments,climate,change."
F198,Government Cover-Up Confirmed by Sources,FAKE,"minute,argue,us,voice,couple,couple,understand.,modern,section,behavior,full,memory,difference,practice.,—,shocking,claims,government,cover-up,surface,internet."
R081,New Report on Climate Change,REAL,"usually,relate,season,become,position.,play,record,point,plant,vote,speech,unit.,stage,newspaper,room,must,beautiful.,experts,discuss,ongoing,developments,climate,change."
F050,Aliens Confirmed by Sources,FAKE,"manager,finally,fine,affect,fish.,possible,one,truth,amount,institution,staff.,trouble,audience,join,book,stuff.,—,shocking,claims,aliens,surface,internet."
F162,Celebrity Scandal Confirmed by Sources,FAKE,"create,turn,often,station,case,air.,join,report,prepare,begin,scientist.,toward,girl,glass,ten,matter,personal.,—,shocking,claims,celebrity,scandal,surface,internet."
R028,New Report on Technology Breakthrough,REAL,"result,green,area,decade,turn,his.,experts,discuss,ongoing,developments,technology,breakthrough."
R195,New Report on Budget Report,REAL,"pm,money,relate,seek,nearly.,history,financial,always,space.,experts,discuss,ongoing,developments,budget,report."
F116,Aliens Confirmed by Sources,FAKE,"nothing,inside,purpose,discussion,national,something,world.,adult,answer,low,process,young,crime,small.,—,shocking,claims,aliens,surface,internet."
R018,New Report on Research,REAL,"foreign,center,throw,also,heavy.,total,debate,land,easy,wide,trouble,point,agreement.,affect,training,activity,last.,experts,discuss,ongoing,developments,research."
F073,Immortal Jellyfish Confirmed by Sources,FAKE,"amount,southern,trouble,exactly,air.,thought,design,need,player,loss,several,middle.,—,shocking,claims,immortal,jellyfish,surface,internet."
F059,Miracle Drug Confirmed by Sources,FAKE,"service,really,financial,care.,perhaps,party,recently,career,type,nearly,ground,letter.,watch,record,one,behavior,you.,—,shocking,claims,miracle,drug,surface,internet."
R078,New Report on Budget Report,REAL,"stop,claim,great,budget,sometimes,forward,politics.,poor,foreign,care,government,senior,none,five.,experts,discuss,ongoing,developments,budget,report."
F216,Secret Cure Confirmed by Sources,FAKE,"organization,fact,might,nor.,create,baby,paper,wide.,—,shocking,claims,secret,cure,surface,internet."
F206,Celebrity Scandal Confirmed by Sources,FAKE,"table,imagine,save,hold,hot,morning.,choice,box,society.,—,shocking,claims,celebrity,scandal,surface,internet."
R036,New Report on Research,REAL,"picture,relate,agree,choice,explain,social,soldier,really.,authority,method,everyone,nice.,experts,discuss,ongoing,developments,research."
F104,Aliens Confirmed by Sources,FAKE,"create,break,mrs,future,treat.,able,seat,tree.,—,shocking,claims,aliens,surface,internet."
F000,Hoax Confirmed by Sources,FAKE,"ready,keep,source,others,morning,play,mr.,exactly,huge,step,indeed,store,open,learn,professional.,million,second,along,born,later,major,husband.,—,shocking,claims,hoax,surface,internet."
R136,New Report on Education,REAL,"mr,lose,one,wrong,national,check.,lose,quite,chair,child,difference,carry.,collection,decide,end,detail,smile.,experts,discuss,ongoing,developments,education."
F019,Immortal Jellyfish Confirmed by Sources,FAKE,"experience,piece,successful,responsibility,against.,strong,owner.,—,shocking,claims,immortal,jellyfish,surface,internet."
R012,New Report on Technology Breakthrough,REAL,"develop,spring,care,interest,occur,series.,home,meeting,oil,instead,war,exist,control.,experts,discuss,ongoing,developments,technology,breakthrough."
R052,New Report on Education,REAL,"wall,mention,read,option.,experts,discuss,ongoing,developments,education."
R123,New Report on Climate Change,REAL,"still,door,congress,box.,catch,size,serious.,experts,discuss,ongoing,developments,climate,change."
F040,Government Cover-Up Confirmed by Sources,FAKE,"city,list,cost,push,marriage,arrive,mission,west.,support,service,strong.,—,shocking,claims,government,cover-up,surface,internet."
R160,New Report on Climate Change,REAL,"memory,window,pick,raise,view,south.,experts,discuss,ongoing,developments,climate,change."
F067,Immortal Jellyfish Confirmed by Sources,FAKE,"determine,follow,note,development.,late,contain,rich,southern,once.,whole,officer,specific,coach,part,require.,—,shocking,claims,immortal,jellyfish,surface,internet."
R069,New Report on Research,REAL,"expect,pressure,wish,type,box.,present,total,child,need.,attention,usually,consumer,cup,collection,along,after.,board,special,so.,experts,discuss,ongoing,developments,research."
F160,Mind Control Confirmed by Sources,FAKE,"magazine,build,together,catch,bad,reduce.,evidence,sign,whose,feel,spend,true.,high,hope,care,last,this.,—,shocking,claims,mind,control,surface,internet."
F053,Hoax Confirmed by Sources,FAKE,"heart,protect,nature,former,particularly,involve,family.,several,film,truth,light,gas,watch.,bag,amount,husband,mission,example,suddenly.,activity,environment,she.,—,shocking,claims,hoax,surface,internet."
R074,New Report on Education,REAL,"director,late,walk,continue,attention.,tax,use,clear,stand,detail,player,reflect.,book,lead.,middle,everyone,week,issue,girl,soon,talk.,experts,discuss,ongoing,developments,education."
R007,New Report on Election,REAL,"government,season,nothing.,plant,near,their.,experts,discuss,ongoing,developments,election."
R119,New Report on Climate Change,REAL,"door,car,offer.,like,paper,lead,operation,decision.,experts,discuss,ongoing,developments,climate,change."
R087,New Report on Budget Report,REAL,"kind,author,dream,benefit,size,argue,thousand.,politics,letter,war,industry,politics,line.,experts,discuss,ongoing,developments,budget,report."
F145,Miracle Drug Confirmed by Sources,FAKE,"expert,yard,challenge,represent,especially,official,perhaps.,build,finally,several,great,talk,population.,every,according,some.,—,shocking,claims,miracle,drug,surface,internet."
R065,New Report on Budget Report,REAL,"event,mrs,tv,past.,church,experience,skill,interest,form.,save,join,young,ten,specific,whatever.,experts,discuss,ongoing,developments,budget,report."
R208,New Report on Budget Report,REAL,"tv,along,create,use,pick,break,prepare,pattern.,current,listen,kid,several.,experts,discuss,ongoing,developments,budget,report."
R048,New Report on Budget Report,REAL,"foot,short,wonder,run,institution,notice,over.,also,concern,couple,drug,reason,month,possible.,maybe,within,western,offer,modern,key.,experts,discuss,ongoing,developments,budget,report."
F076,Aliens Confirmed by Sources,FAKE,"fill,thus,example,factor,hit,window,north.,week,voice,bed.,—,shocking,claims,aliens,surface,internet."
R019,New Report on Policy,REAL,"bank,federal,meeting,begin,loss,discussion.,sing,real,interesting,today,loss,ok.,safe,focus,story,pretty,law.,high,accept,build,focus.,experts,discuss,ongoing,developments,policy."
F115,Immortal Jellyfish Confirmed by Sources,FAKE,"professional,organization,involve,themselves.,film,finish,close,national.,official,common,end.,—,shocking,claims,immortal,jellyfish,surface,internet."
R031,New Report on Education,REAL,"identify,safe,bank,view.,discover,cover,sit.,crime,firm,around,feel,effort,raise.,experts,discuss,ongoing,developments,education."
R190,New Report on Research,REAL,"mrs,part,method,effort.,serious,thousand,although,radio,hand,red,light.,laugh,indicate,keep,reveal,hit.,experts,discuss,ongoing,developments,research."
F057,Mind Control Confirmed by Sources,FAKE,"method,song,move,describe.,seek,use,group,share,language.,organization,success,huge,well,share.,let,rest,the.,—,shocking,claims,mind,control,surface,internet."
F158,Immortal Jellyfish Confirmed by Sources,FAKE,"allow,person,group,development,executive.,protect,risk,entire.,bad,thus,move,scientist,many,but.,—,shocking,claims,immortal,jellyfish,surface,internet."
F234,Flat Earth Confirmed by Sources,FAKE,"south,nature,war,environment,throw,high.,arm,experience,hear,protect,sport,hard.,trip,staff,air,truth.,effort,window,learn,real,husband,no.,—,shocking,claims,flat,earth,surface,internet."
F155,Flat Earth Confirmed by Sources,FAKE,"course,manager,little,western.,eye,local,bad,final.,—,shocking,claims,flat,earth,surface,internet."
F106,Flat Earth Confirmed by Sources,FAKE,"body,kind,challenge.,drop,cost,sell,cause,hour.,staff,baby,enough,successful.,—,shocking,claims,flat,earth,surface,internet."
R051,New Report on Policy,REAL,"time,dinner,wind.,experts,discuss,ongoing,developments,policy."
R203,New Report on Education,REAL,"conference,trip,increase.,adult,attack,eat,imagine,service,none.,short,even,event.,experts,discuss,ongoing,developments,education."
F063,Secret Cure Confirmed by Sources,FAKE,"imagine,executive,every,toward,finish,today.,determine,development,bar,likely.,finish,statement,even,project.,—,shocking,claims,secret,cure,surface,internet."
R080,New Report on Policy,REAL,"law,experience,across,thousand,and.,democratic,enter,base,mean,meet,cover,firm.,experts,discuss,ongoing,developments,policy."
R226,New Report on Public Health,REAL,"evening,program,manager,service.,service,successful,sometimes,relationship,speak,among.,admit,leg,put,mention,use.,experts,discuss,ongoing,developments,public,health."
F144,Hoax Confirmed by Sources,FAKE,"lawyer,woman,walk,impact.,teach,fund,ten.,—,shocking,claims,hoax,surface,internet."
F241,Flat Earth Confirmed by Sources,FAKE,"left,number,recent,good,sense,truth,along.,memory,one,hear,staff,improve,draw,investment.,exactly,spring,debate,win,yes,suddenly.,—,shocking,claims,flat,earth,surface,internet."
R150,New Report on Election,REAL,"food,office,environment,health,direction.,term,glass,dark,name.,much,though,career,upon,chance,send,article,person.,experts,discuss,ongoing,developments,election."
R153,New Report on Research,REAL,"film,learn,network,realize.,garden,wear,daughter,rate,whatever.,carry,seat,follow,despite,college.,whatever,everything,understand,enough,security.,experts,discuss,ongoing,developments,research."
F175,Hoax Confirmed by Sources,FAKE,"radio,adult,law.,six,agency,matter,section,others,behind,catch.,—,shocking,claims,hoax,surface,internet."
F161,Immortal Jellyfish Confirmed by Sources,FAKE,"run,ready,recognize,film.,federal,sport,pressure,question.,trade,interest,study,smile,entire,near,blue.,—,shocking,claims,immortal,jellyfish,surface,internet."
F147,Secret Cure Confirmed by Sources,FAKE,"local,agree,teach,protect,authority,gas,food,matter.,collection,throw,paper.,—,shocking,claims,secret,cure,surface,internet."
F018,Secret Cure Confirmed by Sources,FAKE,"assume,since,network,citizen,challenge,respond,exist.,section,expect,shake,important,half,consumer.,—,shocking,claims,secret,cure,surface,internet."
F211,Celebrity Scandal Confirmed by Sources,FAKE,"ask,let,recent.,recognize,meeting,system,cultural.,several,produce,television,try,hour.,—,shocking,claims,celebrity,scandal,surface,internet."
R117,New Report on Research,REAL,"lawyer,everyone,move,practice,their.,whatever,form,buy,town.,experts,discuss,ongoing,developments,research."
F016,Aliens Confirmed by Sources,FAKE,"work,film,guy,rate.,animal,fall,beat.,process,institution,authority.,—,shocking,claims,aliens,surface,internet."
F029,Flat Earth Confirmed by Sources,FAKE,"hold,win,crime,current,may.,risk,team,nice,dinner,size.,among,card,democrat,dog,lawyer.,television,information,medical,voice,factor,sound.,—,shocking,claims,flat,earth,surface,internet."
F205,Celebrity Scandal Confirmed by Sources,FAKE,"car,us,goal,public.,keep,enter,participant,federal,word,nice.,time,clear,method,center.,—,shocking,claims,celebrity,scandal,surface,internet."
R112,New Report on Economic Growth,REAL,"country,hear,defense,activity,sense,story,late.,time,bring,data,design,song,view.,experts,discuss,ongoing,developments,economic,growth."
F218,Government Cover-Up Confirmed by Sources,FAKE,"bank,brother,soldier,figure,institution,bad.,training,human,ahead,scene.,—,shocking,claims,government,cover-up,surface,internet."
R187,New Report on Education,REAL,"majority,material,leg,country,training,either,letter.,condition,east,man.,experts,discuss,ongoing,developments,education."
F087,Celebrity Scandal Confirmed by Sources,FAKE,"class,new,least,institution.,huge,raise,floor,teacher,decision,building.,traditional,store,decision,girl,enter,figure,threat.,—,shocking,claims,celebrity,scandal,surface,internet."
R171,New Report on Education,REAL,"although,work,clear,science.,general,white,put,wind,individual.,north,wonder,receive,receive,service,game.,experts,discuss,ongoing,developments,education."
R113,New Report on Technology Breakthrough,REAL,"kitchen.,product,structure,support,rock.,experts,discuss,ongoing,developments,technology,breakthrough."
R222,New Report on Public Health,REAL,"likely,color,mention,plan,body.,participant,information,season,imagine,set,police.,experts,discuss,ongoing,developments,public,health."
F233,Secret Cure Confirmed by Sources,FAKE,"team,prove,score.,onto,model,attack,feel,method,thing.,carry,purpose,growth,happy.,—,shocking,claims,secret,cure,surface,internet."
R223,New Report on Climate Change,REAL,"boy,born,long,training,let,approach,send.,may,shoulder,participant,husband.,range,outside,contain,strong,glass,article.,experts,discuss,ongoing,developments,climate,change."
F224,Secret Cure Confirmed by Sources,FAKE,"must,heavy,four,attention,appear,gas,make.,computer,rock,energy,run,able,little.,—,shocking,claims,secret,cure,surface,internet."
R181,New Report on Climate Change,REAL,"history,investment,event,body,economic,threat,perhaps.,page,memory,front.,late,race,get,rich.,experts,discuss,ongoing,developments,climate,change."
R056,New Report on Public Health,REAL,"explain,write,television,gun,group.,trouble,attorney,writer,five,garden,write.,organization,campaign,operation,painting,forward,light.,behavior,party,much,store,man,instead.,experts,discuss,ongoing,developments,public,health."
R110,New Report on Education,REAL,"improve,speak,century,information,operation,issue.,collection,student,get.,everyone,interview,pattern,gun,ahead,power.,experts,discuss,ongoing,developments,education."
R219,New Report on Education,REAL,"realize,staff,budget,benefit,gas,practice.,health,hard,class,point,design,key,item,land.,officer,purpose,key,dream,exactly,space,charge.,experts,discuss,ongoing,developments,education."
R224,New Report on Education,REAL,"loss,behavior,major,chance,deep,decide,property,room.,company,president,skill,in.,article,structure,side,anyone.,close,thousand,fire,tell,trade.,experts,discuss,ongoing,developments,education."
F178,Immortal Jellyfish Confirmed by Sources,FAKE,"member,short,effort,serve.,chair,foreign,right,marriage.,—,shocking,claims,immortal,jellyfish,surface,internet."
F074,Secret Cure Confirmed by Sources,FAKE,"expect,worry,boy,note.,summer,room,one,list,option.,—,shocking,claims,secret,cure,surface,internet."
R034,New Report on Budget Report,REAL,"explain,wrong,professional,suggest.,significant,rate,attorney,finish.,experts,discuss,ongoing,developments,budget,report."
R095,New Report on Policy,REAL,"task,strategy,system,husband.,front,everybody,act,another,dinner.,experts,discuss,ongoing,developments,policy."
F011,Aliens Confirmed by Sources,FAKE,"television,room,house,music,player.,fight,window,sea,smile.,—,shocking,claims,aliens,surface,internet."
R162,New Report on Policy,REAL,"bad,war,condition.,four,debate,realize,open,year,probably,citizen.,surface,arrive,wish,interview.,include,go,lawyer,subject,just.,experts,discuss,ongoing,developments,policy."
R218,New Report on Election,REAL,"record,peace,skin,school,edge,office.,life,common,hand,group.,crime,adult,area,here.,experts,discuss,ongoing,developments,election."
F136,Miracle Drug Confirmed by Sources,FAKE,"fund,music,wrong,debate,history,attorney.,head,idea,stage,case.,—,shocking,claims,miracle,drug,surface,internet."
R108,New Report on Economic Growth,REAL,"party,policy,score,maybe.,set,skin,mouth,newspaper,phone,tough,want.,without,prove,group,anything,stop,turn,participant,no.,collection,model,evidence,south,player,tree,media.,experts,discuss,ongoing,developments,economic,growth."
R186,New Report on Research,REAL,"television,song,newspaper.,include,pass,building,hotel.,experts,discuss,ongoing,developments,research."
R248,New Report on Technology Breakthrough,REAL,"team,goal,air,interview.,experts,discuss,ongoing,developments,technology,breakthrough."
F045,Immortal Jellyfish Confirmed by Sources,FAKE,"less,national,edge.,agency,environmental,daughter,amount,smile,when.,newspaper,arm,top.,—,shocking,claims,immortal,jellyfish,surface,internet."
F092,Secret Cure Confirmed by Sources,FAKE,"form,level,per,eye,yeah,every.,list,chair,produce,plan,range,firm.,consider,way,view,music,also,book,play,investment.,—,shocking,claims,secret,cure,surface,internet."
R100,New Report on Technology Breakthrough,REAL,"almost,campaign,property,sing.,office,add,benefit,firm.,space,father,want,end,still.,experts,discuss,ongoing,developments,technology,breakthrough."
F075,Miracle Drug Confirmed by Sources,FAKE,"according,social,treat,tax,commercial,popular.,single,property,statement.,part,agree,speech,tax,area.,—,shocking,claims,miracle,drug,surface,internet."
R059,New Report on Technology Breakthrough,REAL,"situation,available,culture,white.,hundred,fast,government,likely,participant,once.,experts,discuss,ongoing,developments,technology,breakthrough."
F213,Hoax Confirmed by Sources,FAKE,"campaign,bit,speech.,sign,security,middle,song,bring,personal,position.,—,shocking,claims,hoax,surface,internet."
R233,New Report on Education,REAL,"hotel,paper,term,two,certain,spend,allow.,option,collection,research.,strategy,agreement,attack,deep,alone.,experts,discuss,ongoing,developments,education."
F072,Mind Control Confirmed by Sources,FAKE,"yet,trouble,ball,accept.,special,sport,evening,picture,act,last.,us,whether,hundred,market,score,business.,—,shocking,claims,mind,control,surface,internet."
R184,New Report on Budget Report,REAL,"result,option,report,nature,late.,use,successful,believe.,expect,main,weight,group,congress,step.,experts,discuss,ongoing,developments,budget,report."
F134,Secret Cure Confirmed by Sources,FAKE,"media,piece,social,reduce,material.,story,short,mention,out.,site,full,build,staff,war,huge,church.,—,shocking,claims,secret,cure,surface,internet."
R096,New Report on Research,REAL,"result,case,today,final.,join,road,mother,join,land,often.,form,pull,bed,remain.,change,become,research,change.,experts,discuss,ongoing,developments,research."
R020,New Report on Policy,REAL,"dream,bar,assume.,new,likely,political,add,sound.,experts,discuss,ongoing,developments,policy."
R067,New Report on Policy,REAL,"old,ball,audience,student,environment.,experts,discuss,ongoing,developments,policy."
R215,New Report on Education,REAL,"low,performance,usually,century,somebody,kid.,gun,current,modern,human,bank,less.,decade,least,president,stay.,experts,discuss,ongoing,developments,education."
R127,New Report on Policy,REAL,"figure,station,marriage,less,human.,year,color,one,process,store,travel,thousand.,personal,heart,court,professor,late,participant,approach.,phone,hair,clearly.,experts,discuss,ongoing,developments,policy."
R235,New Report on Technology Breakthrough,REAL,"shoulder,teacher,whether,reduce,reach.,wish,fund,several,paper,seat,bad.,experts,discuss,ongoing,developments,technology,breakthrough."
R163,New Report on Climate Change,REAL,"another,movie.,pretty,entire,hospital,middle,peace.,bit,suggest,doctor,believe,item,spend,pattern.,experts,discuss,ongoing,developments,climate,change."
R002,New Report on Education,REAL,"capital,probably,stage,human,parent,blue.,section,guy,site,present,nothing.,experts,discuss,ongoing,developments,education."
R021,New Report on Education,REAL,"camera,notice,suffer,policy,direction,boy,herself.,condition,table,fly,stop.,cell,market,language,peace,investment.,experts,discuss,ongoing,developments,education."
R013,New Report on Technology Breakthrough,REAL,"land,know,test,last,near.,amount,get,series,behind,wish,real.,particular,truth,fish,want.,experts,discuss,ongoing,developments,technology,breakthrough."
F195,Flat Earth Confirmed by Sources,FAKE,"whole,exist,similar,interesting,exactly,stand,thus.,lose,hair,worry,my.,—,shocking,claims,flat,earth,surface,internet."
R101,New Report on Research,REAL,"suggest,skill,important,year.,blood,despite.,involve,hotel,letter,yes.,experts,discuss,ongoing,developments,research."
R055,New Report on Research,REAL,"best,community,pressure,course,executive.,business,technology,later,sport.,experts,discuss,ongoing,developments,research."
F190,Secret Cure Confirmed by Sources,FAKE,"change,yes,talk,tend.,—,shocking,claims,secret,cure,surface,internet."
R004,New Report on Education,REAL,"white,control,almost,appear.,college,anyone,though,visit,consumer,treat,through.,experts,discuss,ongoing,developments,education."
F080,Celebrity Scandal Confirmed by Sources,FAKE,"work,country,answer.,pull,enjoy,live,happy,area,study,amount.,man,result,guess,suffer,message,several.,voice,measure,concern.,—,shocking,claims,celebrity,scandal,surface,internet."
F049,Hoax Confirmed by Sources,FAKE,"hard,particularly,beat,decision,attorney.,later,think,instead,these.,read,six,magazine,dark.,story,sport,cold,world,answer,speech.,—,shocking,claims,hoax,surface,internet."
F184,Secret Cure Confirmed by Sources,FAKE,"finally,cold,audience,decade,although,spring,foreign.,popular,simple,investment,action,keep,involve,reason.,—,shocking,claims,secret,cure,surface,internet."
F030,Secret Cure Confirmed by Sources,FAKE,"along,responsibility,attack.,beyond,respond,cover,know,those.,—,shocking,claims,secret,cure,surface,internet."
R213,New Report on Budget Report,REAL,"boy,everyone,article,easy.,near,involve,soon,experience.,experts,discuss,ongoing,developments,budget,report."
F128,Immortal Jellyfish Confirmed by Sources,FAKE,"across,learn,focus,simply.,nice,money,surface,test,skin.,—,shocking,claims,immortal,jellyfish,surface,internet."
R231,New Report on Policy,REAL,"field,whose,benefit,talk,investment,owner.,care,drive,help,mouth.,experts,discuss,ongoing,developments,policy."
R061,New Report on Technology Breakthrough,REAL,"still,bank,century,letter,although.,time,agency,leg,opportunity.,experts,discuss,ongoing,developments,technology,breakthrough."
R137,New Report on Education,REAL,"citizen,policy,discussion.,experts,discuss,ongoing,developments,education."
R185,New Report on Technology Breakthrough,REAL,"collection,within,crime,drop,moment,see.,list,effect,dark.,experts,discuss,ongoing,developments,technology,breakthrough."
R204,New Report on Technology Breakthrough,REAL,"ability,anyone,upon,game,physical,stand.,program,evidence,economy,focus,another,artist.,school,couple,idea,break.,experts,discuss,ongoing,developments,technology,breakthrough."
F217,Immortal Jellyfish Confirmed by Sources,FAKE,"conference,perhaps,imagine,explain.,dinner,animal,site,sit,brother.,—,shocking,claims,immortal,jellyfish,surface,internet."
F176,Miracle Drug Confirmed by Sources,FAKE,"pay,interest,nearly,true,wife.,decide,detail,right,bring,by.,—,shocking,claims,miracle,drug,surface,internet."
R245,New Report on Technology Breakthrough,REAL,"research,half,able,management,decision,nearly,explain,still.,ability,blood,garden.,experts,discuss,ongoing,developments,technology,breakthrough."
R104,New Report on Election,REAL,"action,recent,weight,population,mouth,leave,part.,best,toward.,experts,discuss,ongoing,developments,election."
F156,Flat Earth Confirmed by Sources,FAKE,"according,whether,lot,soldier,same.,light,article,door,later,range,force,wind.,general,federal,bag.,—,shocking,claims,flat,earth,surface,internet."
R194,New Report on Election,REAL,"national,picture,effect.,experts,discuss,ongoing,developments,election."
R161,New Report on Technology Breakthrough,REAL,"policy,sure,almost,term,decade,join.,physical,collection.,yes,science,vote,nearly,seek.,cultural,represent,road,choice,blue.,experts,discuss,ongoing,developments,technology,breakthrough."
F113,Immortal Jellyfish Confirmed by Sources,FAKE,"drop,production,around,already,population.,along,describe,course.,perhaps,bit,one,finally,foreign,interest.,—,shocking,claims,immortal,jellyfish,surface,internet."
F150,Hoax Confirmed by Sources,FAKE,"list,available,employee,maybe,particularly,return.,—,shocking,claims,hoax,surface,internet."
F047,Miracle Drug Confirmed by Sources,FAKE,"amount,understand,wish.,black,hour,guess,employee,often,no.,involve,leader,bar,including,exactly,test.,—,shocking,claims,miracle,drug,surface,internet."
F008,Hoax Confirmed by Sources,FAKE,"take,quality,concern.,home,safe,party,today,know,employee.,class,prepare,clearly,message,spend,over.,—,shocking,claims,hoax,surface,internet."
F229,Aliens Confirmed by Sources,FAKE,"direction,capital,grow.,perform,statement,around.,poor,strong,space,stop,early,man,south.,sound,machine,act,minute,us,look,away.,—,shocking,claims,aliens,surface,internet."
R001,New Report on Research,REAL,"city,beautiful,bill,word.,building,figure,head,general,pretty.,fish,less,mean,congress,side,once.,free,score,board,financial,allow.,experts,discuss,ongoing,developments,research."
R241,New Report on Public Health,REAL,"deep,general,much,visit.,safe,provide,participant,ability.,policy,take,action,accept,clear.,experts,discuss,ongoing,developments,public,health."
R198,New Report on Climate Change,REAL,"boy,agency,stand,line,rather,bar.,student,sure,young.,parent,father,dream,democratic,leg,tonight.,try,plan,prepare,politics,tell,fall.,experts,discuss,ongoing,developments,climate,change."
R229,New Report on Research,REAL,"analysis,movement,participant,fall,reduce,reduce,director.,positive,effect,drug,stage,serve.,best,recognize,begin,east,far,player,ball,difference.,fish,beyond,financial.,experts,discuss,ongoing,developments,research."
R205,New Report on Public Health,REAL,"face,first,modern,direction.,establish,food,worry,today.,agency,side,issue,sign,heart.,lead,interview,organization,almost,call,last.,experts,discuss,ongoing,developments,public,health."
F123,Celebrity Scandal Confirmed by Sources,FAKE,"effort,chair,evening.,heavy,firm,forget,pressure,likely,establish,school.,—,shocking,claims,celebrity,scandal,surface,internet."
F043,Celebrity Scandal Confirmed by Sources,FAKE,"among,way,public,operation,carry,without.,save,source,do.,majority,state,run,common,the.,adult,size,challenge,material,war,necessary.,—,shocking,claims,celebrity,scandal,surface,internet."
F097,Celebrity Scandal Confirmed by Sources,FAKE,"around,weight.,support,poor,population,training,black.,south,bank,reflect,herself.,customer,idea,training,hotel,practice,end,lead.,—,shocking,claims,celebrity,scandal,surface,internet."
R014,New Report on Research,REAL,"point,us,try,federal.,agree,answer,source,thought,deep,bad.,dark,stand,color,over.,experts,discuss,ongoing,developments,research."
F005,Flat Earth Confirmed by Sources,FAKE,"pay,sort,health,manage,cultural,subject,front,occur.,serious,candidate,interest,town.,vote,stand,range,worry.,—,shocking,claims,flat,earth,surface,internet."
R234,New Report on Research,REAL,"rise,role.,loss,dream,page,body.,address,resource,quickly,heavy.,eat,none,since,child,able,particular,knowledge.,experts,discuss,ongoing,developments,research."
F143,Aliens Confirmed by Sources,FAKE,"fly,town,reality,culture.,ago,prepare,consumer,suggest,save.,—,shocking,claims,aliens,surface,internet."
R073,New Report on Economic Growth,REAL,"three,father,enough,good,discussion,develop,middle.,lay,woman,ten,follow.,experts,discuss,ongoing,developments,economic,growth."
R239,New Report on Education,REAL,"century,fire,unit,reason,key.,sister,business,community,hair,ever,add.,movement,career,energy,star,finally,type,wife.,experts,discuss,ongoing,developments,education."
F181,Aliens Confirmed by Sources,FAKE,"amount,exactly.,wall,nature,seat.,foot,personal,stop,career,wear,purpose,speak.,—,shocking,claims,aliens,surface,internet."
R138,New Report on Election,REAL,"ready,director,who.,store,evidence,next,indicate,coach,occur.,pass,describe,yourself.,experts,discuss,ongoing,developments,election."
R172,New Report on Economic Growth,REAL,"process,question,away,practice,character,professor,cup.,actually,resource,little,remember.,sing,recognize,charge,specific,new,together,well,mother.,experts,discuss,ongoing,developments,economic,growth."
R143,New Report on Policy,REAL,"seem,hit,study,science,finally.,catch,color,set,environment,else,reason.,experts,discuss,ongoing,developments,policy."
F166,Mind Control Confirmed by Sources,FAKE,"write,leave,performance,note,rise.,else,painting,upon,clear,understand,dog,argue.,suddenly,age,life.,—,shocking,claims,mind,control,surface,internet."
R003,New Report on Budget Report,REAL,"reason,often,oil,stop,figure,me.,phone,fear,senior,four,tonight,small.,experts,discuss,ongoing,developments,budget,report."
R167,New Report on Climate Change,REAL,"condition,kind,although,war.,mr,chance,home,type,economic,manage.,experts,discuss,ongoing,developments,climate,change."
R183,New Report on Climate Change,REAL,"take,body,soldier,back,few.,college,half,list,increase,someone.,experts,discuss,ongoing,developments,climate,change."
R238,New Report on Technology Breakthrough,REAL,"smile,prove,actually,task,including.,field,response,lead,term,push,guess.,type,yard,stuff.,interview,seek,he.,experts,discuss,ongoing,developments,technology,breakthrough."
R041,New Report on Election,REAL,"talk,begin,sort,hair,time,step.,sister,station,minute,adult,activity,unit,west,experience.,know,serve,whatever,resource,relate,maybe.,experts,discuss,ongoing,developments,election."
F237,Government Cover-Up Confirmed by Sources,FAKE,"manage,table,hard,fine,box.,month,along,religious,medical.,chance,eat,arrive,anything,growth,whether,already.,—,shocking,claims,government,cover-up,surface,internet."
R086,New Report on Research,REAL,"wonder,remember,current,movie,painting.,though,population,student,another,energy,eye.,experts,discuss,ongoing,developments,research."
R240,New Report on Policy,REAL,"hotel,yard,life,price,audience.,meet,daughter,two.,reflect,number,good,goal.,experts,discuss,ongoing,developments,policy."
R133,New Report on Public Health,REAL,"yes,data,cut,involve.,pick,management,unit,get,especially,read,think.,experts,discuss,ongoing,developments,public,health."
F044,Hoax Confirmed by Sources,FAKE,"owner,defense,operation,thing,team.,family,simple,seven,over.,gun,cold,day,season,mr,run,think.,war,general,easy.,—,shocking,claims,hoax,surface,internet."
F125,Government Cover-Up Confirmed by Sources,FAKE,"economic,military,fear,sense,enough,always.,population,adult,well,explain,however.,—,shocking,claims,government,cover-up,surface,internet."
F165,Secret Cure Confirmed by Sources,FAKE,"activity,total,size,experience.,teach,fly,there.,partner,blood,test,account,easy,management.,—,shocking,claims,secret,cure,surface,internet."
F137,Flat Earth Confirmed by Sources,FAKE,"happy,enter,international,start.,third,full,center.,political,fly,happy,side,mother,increase,for.,—,shocking,claims,flat,earth,surface,internet."
R088,New Report on Research,REAL,"pm,time,lead,husband.,central,much,activity,build,art,organization.,experts,discuss,ongoing,developments,research."
R169,New Report on Technology Breakthrough,REAL,"turn,management,eat,hit.,north,memory,system.,relationship,food,song,matter,rock,society,structure.,experts,discuss,ongoing,developments,technology,breakthrough."
R193,New Report on Technology Breakthrough,REAL,"system,oil,relationship,kitchen.,machine,manager,soon,citizen,nature,quickly.,experts,discuss,ongoing,developments,technology,breakthrough."
F247,Mind Control Confirmed by Sources,FAKE,"state,wind,force,analysis,marriage.,future,month,growth.,hot,example,apply,ready.,—,shocking,claims,mind,control,surface,internet."
R179,New Report on Technology Breakthrough,REAL,"ahead,join,control.,wonder,though,none,whose,happy.,guess,campaign,feel,fund,floor.,experts,discuss,ongoing,developments,technology,breakthrough."
F138,Immortal Jellyfish Confirmed by Sources,FAKE,"guy,represent,say,expert.,top,money,region,wind,somebody.,nation,picture,alone,social,player,high.,—,shocking,claims,immortal,jellyfish,surface,internet."
R017,New Report on Policy,REAL,"administration,white,participant,lot,best,pretty,hair.,billion,imagine,rather,reduce.,experts,discuss,ongoing,developments,policy."
F090,Mind Control Confirmed by Sources,FAKE,"speak,mr,beautiful,subject,student,admit.,involve,newspaper,real,wear,cup.,—,shocking,claims,mind,control,surface,internet."
F222,Mind Control Confirmed by Sources,FAKE,"design,spend,general,friend,structure,bill.,detail,drop,page,down.,tend,positive,loss.,—,shocking,claims,mind,control,surface,internet."
R114,New Report on Climate Change,REAL,"forget,song,add,fine.,action,teach,pay.,begin,civil,yes,collection,analysis.,experts,discuss,ongoing,developments,climate,change."
F235,Celebrity Scandal Confirmed by Sources,FAKE,"girl,four,south,star.,think,fly,likely,risk,health.,—,shocking,claims,celebrity,scandal,surface,internet."
F185,Hoax Confirmed by Sources,FAKE,"plan,environment,sit,later.,everyone,per,system,particular,push.,—,shocking,claims,hoax,surface,internet."
F221,Flat Earth Confirmed by Sources,FAKE,"wait,way,far,protect,organization,work.,end,picture,class,three,protect.,car,ready,throw,discussion.,—,shocking,claims,flat,earth,surface,internet."
F054,Secret Cure Confirmed by Sources,FAKE,"environmental,city,begin,raise.,theory,federal,traditional,race,fly.,—,shocking,claims,secret,cure,surface,internet."
R000,New Report on Public Health,REAL,"three,away,democratic,center,story,store.,fact,end,radio,long,design,allow,important.,always,look,television.,baby,low,meet.,experts,discuss,ongoing,developments,public,health."
R178,New Report on Budget Report,REAL,"program,condition,receive,commercial,election,police.,society,sometimes,thought,perform,theory,war.,team,child,health,better,rest,age.,experts,discuss,ongoing,developments,budget,report."
F006,Hoax Confirmed by Sources,FAKE,"law,bar,ground,south,phone,enjoy,through.,safe,everybody,prevent,enough,beat,along,huge.,major,method,trip.,—,shocking,claims,hoax,surface,internet."
F174,Secret Cure Confirmed by Sources,FAKE,"somebody,say,baby.,none,trial,fight,major,moment,own.,commercial,camera,develop,compare,along.,—,shocking,claims,secret,cure,surface,internet."
R009,New Report on Election,REAL,"billion,pay,shake,range,develop,customer.,technology,manage,protect,instead.,experts,discuss,ongoing,developments,election."
R122,New Report on Economic Growth,REAL,"join,finally,home,manager,discover,once.,window,region,education,pass,training,natural.,experts,discuss,ongoing,developments,economic,growth."
F189,Immortal Jellyfish Confirmed by Sources,FAKE,"operation,decide,outside.,paper,appear.,reflect,huge,care,republican.,—,shocking,claims,immortal,jellyfish,surface,internet."
R146,New Report on Technology Breakthrough,REAL,"hair,between.,little,election,economy,choice,defense,successful.,experts,discuss,ongoing,developments,technology,breakthrough."
R022,New Report on Climate Change,REAL,"rather,ever,ball,business,together,value,production.,remain,clear,fast,eye,either,on.,experts,discuss,ongoing,developments,climate,change."
F177,Aliens Confirmed by Sources,FAKE,"black,service,quickly,rich.,radio,woman,fear,leader,public.,main,investment,realize,try,car.,—,shocking,claims,aliens,surface,internet."
F021,Secret Cure Confirmed by Sources,FAKE,"claim,office,water,prevent,without.,phone,light,girl,treatment,hit,staff.,—,shocking,claims,secret,cure,surface,internet."
R039,New Report on Economic Growth,REAL,"mind,organization,edge,nor.,begin,return,rule,community,design,less,wear.,experts,discuss,ongoing,developments,economic,growth."
F061,Miracle Drug Confirmed by Sources,FAKE,"set,marriage,involve,responsibility,still.,present,mr,like.,speak,throw,near,dog,loss,cover,instead.,—,shocking,claims,miracle,drug,surface,internet."
R057,New Report on Technology Breakthrough,REAL,"dream,account,able.,keep,note,easy,maybe,describe.,experts,discuss,ongoing,developments,technology,breakthrough."
F154,Immortal Jellyfish Confirmed by Sources,FAKE,"physical,property,night,thought,wait,mission,line,yourself.,knowledge,affect,pretty,blood.,—,shocking,claims,immortal,jellyfish,surface,internet."
F052,Mind Control Confirmed by Sources,FAKE,"much,ready,animal,memory,low.,full,practice,former,ahead,security,voice.,state,bar,never,executive,cut,field.,—,shocking,claims,mind,control,surface,internet."
F124,Flat Earth Confirmed by Sources,FAKE,"cover,memory,time,black,democratic,new,good.,—,shocking,claims,flat,earth,surface,internet."
R071,New Report on Budget Report,REAL,"sound,education,consumer,international,war,feeling.,guy,run,far,control.,pay,method.,experts,discuss,ongoing,developments,budget,report."
R152,New Report on Budget Report,REAL,"majority,see,during.,choice,much,sure,find,stock,talk,knowledge,option.,power,put,almost.,experts,discuss,ongoing,developments,budget,report."
F038,Mind Control Confirmed by Sources,FAKE,"talk,serious,civil,second.,bad,task,create,international,west,look,kitchen.,—,shocking,claims,mind,control,surface,internet."
F101,Immortal Jellyfish Confirmed by Sources,FAKE,"high,important,matter,degree,fast.,fly,behind,individual,court,certainly.,—,shocking,claims,immortal,jellyfish,surface,internet."
F203,Celebrity Scandal Confirmed by Sources,FAKE,"put,prove,usually,idea.,anything,either,human,blue,order.,—,shocking,claims,celebrity,scandal,surface,internet."
F192,Government Cover-Up Confirmed by Sources,FAKE,"writer,sea,grow,serve,strong,identify,until.,move,check,up.,center,house,house,one,early,market.,—,shocking,claims,government,cover-up,surface,internet."
R189,New Report on Climate Change,REAL,"measure,fish,rule,range,another,size,let.,year,tv,pull,space,task,teacher.,mouth,much,full,whose,sister.,experts,discuss,ongoing,developments,climate,change."
R098,New Report on Election,REAL,"leader,happen,amount,sell,side,style,follow.,experts,discuss,ongoing,developments,election."
R149,New Report on Economic Growth,REAL,"religious,beat,democrat,teach,take,front,head.,husband,first,model,so.,experts,discuss,ongoing,developments,economic,growth."
R046,New Report on Education,REAL,"detail,girl,unit,poor,thought,watch,themselves.,half,size,spend.,experts,discuss,ongoing,developments,education."
F055,Hoax Confirmed by Sources,FAKE,"always,name,rock,reveal,all.,president,close,science,quickly,admit,team,executive,house.,—,shocking,claims,hoax,surface,internet."
F159,Flat Earth Confirmed by Sources,FAKE,"father,political,fast,sound,heart.,concern,administration,call,hard,feel.,father,surface,well.,—,shocking,claims,flat,earth,surface,internet."
F083,Secret Cure Confirmed by Sources,FAKE,"executive,serve,marriage,former,discover,city.,music,action,audience,fine,peace.,—,shocking,claims,secret,cure,surface,internet."
R109,New Report on Education,REAL,"center,central,western,sea,drug.,although,rock,relate,yeah.,experts,discuss,ongoing,developments,education."
R102,New Report on Climate Change,REAL,"upon,audience,allow,run.,friend,peace,life,adult.,experts,discuss,ongoing,developments,climate,change."
R060,New Report on Election,REAL,"example,write,fast,truth,specific.,risk,discover,body,table,interest,per.,degree,thousand,attorney,defense,service,sit,republican,require.,experts,discuss,ongoing,developments,election."
F085,Secret Cure Confirmed by Sources,FAKE,"record,participant,customer,sport,simply,message.,smile,wear,trip,fact,reality.,—,shocking,claims,secret,cure,surface,internet."
F188,Hoax Confirmed by Sources,FAKE,"radio,morning,official,center,second.,physical,sort,pay,type.,trip,election,run,company.,—,shocking,claims,hoax,surface,internet."
F131,Hoax Confirmed by Sources,FAKE,"alone,study,bag,consumer,resource,friend,particular.,account,remain,treatment.,huge,sort,east,song,future,list.,later,certainly,feel,fall,nor.,—,shocking,claims,hoax,surface,internet."
R202,New Report on Public Health,REAL,"figure,low,record,go,require,employee,city.,cell,science,pretty,strategy,respond,floor,world.,budget,add,picture,analysis,relationship,staff.,experts,discuss,ongoing,developments,public,health."
F111,Celebrity Scandal Confirmed by Sources,FAKE,"military,physical,go,game,street.,blood,agent,senior,certain,science,later.,middle,anyone,support,generation,research,mind.,manager,else,ok,main,gas.,—,shocking,claims,celebrity,scandal,surface,internet."
R151,New Report on Policy,REAL,"sing,see,go,challenge,although,perhaps.,far,deep,along,none,heavy,seek.,audience,name,suggest,notice,section,share,ball.,experts,discuss,ongoing,developments,policy."
F058,Government Cover-Up Confirmed by Sources,FAKE,"central,important,well,thus,century,scene,talk.,send,admit,trip.,—,shocking,claims,government,cover-up,surface,internet."
R164,New Report on Education,REAL,"source,black,specific,end.,side,might,decide,property,star,political.,establish,congress,note,participant.,experts,discuss,ongoing,developments,education."
F242,Celebrity Scandal Confirmed by Sources,FAKE,"away,control,time,around,history,put.,song,medical,work,call.,—,shocking,claims,celebrity,scandal,surface,internet."
F064,Mind Control Confirmed by Sources,FAKE,"price,want,perform.,—,shocking,claims,mind,control,surface,internet."
R228,New Report on Education,REAL,"high,get,vote,ever,area.,thought,positive,modern,civil.,mr,forget,difficult,energy,travel,head,begin.,experts,discuss,ongoing,developments,education."
R210,New Report on Economic Growth,REAL,"rich,ability,process,accept,need.,southern,challenge,dark,activity,vote,mother,everyone.,experts,discuss,ongoing,developments,economic,growth."
R156,New Report on Policy,REAL,"soon,another,back,series,government,knowledge,minute,community.,already,determine,congress,difficult,choice.,experts,discuss,ongoing,developments,policy."
R192,New Report on Climate Change,REAL,"tv,respond,impact,week.,experts,discuss,ongoing,developments,climate,change."
F102,Government Cover-Up Confirmed by Sources,FAKE,"remain,discover,cup,language,short,usually,structure.,sure,huge,everybody,machine,middle.,consumer,general,while.,give,fish,prove,theory.,—,shocking,claims,government,cover-up,surface,internet."
R237,New Report on Election,REAL,"mouth,high,though,radio.,blood,wide,care,chair,performance.,experts,discuss,ongoing,developments,election."
F015,Immortal Jellyfish Confirmed by Sources,FAKE,"free,author,society,radio,candidate.,enjoy,time,take,old,thus.,pattern,show,assume,real,ready.,bed,drop,final,item.,—,shocking,claims,immortal,jellyfish,surface,internet."
F020,Celebrity Scandal Confirmed by Sources,FAKE,"environment,population,oil,get,movie,five,respond.,today,thus,yet,though,organization,goal,able.,fact,newspaper,president,successful,film,book,detail,base.,—,shocking,claims,celebrity,scandal,surface,internet."
R083,New Report on Election,REAL,"task,president,safe.,machine,give,avoid.,military,improve,stay,save.,finish,medical,understand,perform,land,mrs.,experts,discuss,ongoing,developments,election."
F035,Hoax Confirmed by Sources,FAKE,"pull,garden,set,word.,line,woman,along,pm,likely.,—,shocking,claims,hoax,surface,internet."
R082,New Report on Budget Report,REAL,"free,yet,apply,challenge,middle,investment.,wish,trade,pressure,authority,she.,experts,discuss,ongoing,developments,budget,report."
F114,Mind Control Confirmed by Sources,FAKE,"property,firm,assume,nation,kid.,well,turn,maybe,discover,among.,never,step,cut,unit,leg.,—,shocking,claims,mind,control,surface,internet."
F179,Secret Cure Confirmed by Sources,FAKE,"democrat,forward,sound,should.,success,power,music,collection.,many,difficult,might,focus,rise,perform.,somebody,material,care,approach.,—,shocking,claims,secret,cure,surface,internet."
F026,Celebrity Scandal Confirmed by Sources,FAKE,"shake,individual,travel,common,physical.,development,true,full,change,six,they.,former,fish,later,decision,method,friend.,—,shocking,claims,celebrity,scandal,surface,internet."
R217,New Report on Election,REAL,"adult,experience,machine,have.,rock,run,different,near,join,better.,local,none,section,involve,serious,candidate.,experts,discuss,ongoing,developments,election."
F009,Celebrity Scandal Confirmed by Sources,FAKE,"national,small,vote,marriage,along.,way,admit,worker,sing,tend.,—,shocking,claims,celebrity,scandal,surface,internet."
F240,Aliens Confirmed by Sources,FAKE,"hundred,town,try,control,argue,something.,democratic,door,economic,manager.,argue,case,ground,leg,interesting.,—,shocking,claims,aliens,surface,internet."
R216,New Report on Research,REAL,"research,set,among,available,late.,experts,discuss,ongoing,developments,research."
F129,Flat Earth Confirmed by Sources,FAKE,"truth,others.,today,wind,arrive,particular.,build,treatment,police,subject,laugh,read.,—,shocking,claims,flat,earth,surface,internet."
R197,New Report on Education,REAL,"least,old,kid,run,goal,feel,live,religious.,note,tell,clear,resource,time.,bit,purpose,recent,concern.,experts,discuss,ongoing,developments,education."
F142,Government Cover-Up Confirmed by Sources,FAKE,"program,small,alone,player,model.,major,paper,deep,ago,five.,though,real,money,i.,—,shocking,claims,government,cover-up,surface,internet."
R140,New Report on Climate Change,REAL,"director,scene,perhaps,evening,case,upon.,ago,opportunity,hotel,central,cup,those.,experts,discuss,ongoing,developments,climate,change."
R165,New Report on Budget Report,REAL,"bring,model,month,college,you.,population,save,soon,pm,population.,experts,discuss,ongoing,developments,budget,report."
R139,New Report on Education,REAL,"stage,far,son,go.,assume,recent,media,second.,course,rock,drop,front,stand,from.,experts,discuss,ongoing,developments,education."
F232,Hoax Confirmed by Sources,FAKE,"audience,break,team,stand,dream,foreign.,likely,realize,school,word,especially,network,special.,politics,yard,one,remain,foot,for.,—,shocking,claims,hoax,surface,internet."
F108,Celebrity Scandal Confirmed by Sources,FAKE,"remain,treat,information,thought,nature,father.,partner,goal,front,congress,fight,cover,inside.,set,particular,nothing,decision,age,oil,choice.,yard,add,join.,—,shocking,claims,celebrity,scandal,surface,internet."
F167,Celebrity Scandal Confirmed by Sources,FAKE,"budget,measure,condition,rise.,ok,six,receive,education.,—,shocking,claims,celebrity,scandal,surface,internet."
R242,New Report on Research,REAL,"international,subject,near,wide,father.,home,experience,attorney,hot,pull,manager.,experts,discuss,ongoing,developments,research."
F133,Immortal Jellyfish Confirmed by Sources,FAKE,"person,ten,improve.,look,century,environmental,occur.,—,shocking,claims,immortal,jellyfish,surface,internet."
F025,Flat Earth Confirmed by Sources,FAKE,"security,understand,everyone,might.,exactly,available,how.,—,shocking,claims,flat,earth,surface,internet."
F093,Immortal Jellyfish Confirmed by Sources,FAKE,"grow,drive,range,talk,rise.,base,serious,home,drop.,visit,make,wife,today,tell.,—,shocking,claims,immortal,jellyfish,surface,internet."
F236,Government Cover-Up Confirmed by Sources,FAKE,"pattern,including,everybody.,huge,government,company,defense,drug,time.,nearly,degree,raise,risk.,—,shocking,claims,government,cover-up,surface,internet."
F069,Flat Earth Confirmed by Sources,FAKE,"grow,role,later,send,item.,drive,daughter,painting,against.,generation,better,air,lead,identify,trip.,—,shocking,claims,flat,earth,surface,internet."
F219,Flat Earth Confirmed by Sources,FAKE,"traditional,hot,action,name,full.,economic,project,total.,believe,black,quite.,—,shocking,claims,flat,earth,surface,internet."
R079,New Report on Election,REAL,"economic,chance,live,most.,politics,treatment,another,result.,next,style,fish,close,protect,say.,city,growth,third,thank,method,thing,best.,experts,discuss,ongoing,developments,election."
F042,Hoax Confirmed by Sources,FAKE,"agent,recent,factor,apply,raise.,speech,sing,fact,list,most.,—,shocking,claims,hoax,surface,internet."
R154,New Report on Budget Report,REAL,"soon,keep,three,list,hot,top,above.,push,interest,voice.,old,nothing,think,song.,experts,discuss,ongoing,developments,budget,report."
R089,New Report on Public Health,REAL,"last,money,able.,number,conference,stop,partner,study.,prepare,democratic,trade,new,though,true.,experts,discuss,ongoing,developments,public,health."
R038,New Report on Public Health,REAL,"international,manager,option.,experts,discuss,ongoing,developments,public,health."
R053,New Report on Economic Growth,REAL,"subject,purpose,technology.,affect,care,course,current,letter,low,indicate.,key,act,both.,experts,discuss,ongoing,developments,economic,growth."
F201,Hoax Confirmed by Sources,FAKE,"bad,usually,trade,guy,challenge.,guess,increase,better,enough.,—,shocking,claims,hoax,surface,internet."
F013,Secret Cure Confirmed by Sources,FAKE,"address,part,experience,conference,cup,less,mind.,—,shocking,claims,secret,cure,surface,internet."
R023,New Report on Policy,REAL,"level,father,someone,discover,group,commercial,yet.,thought,line,democratic,always,loss,after.,building,participant,physical,success,live.,white,structure,market,wish,move,enjoy,modern.,experts,discuss,ongoing,developments,policy."
R068,New Report on Technology Breakthrough,REAL,"soldier,little,environment,involve.,check,seven,congress,energy,middle,out.,experts,discuss,ongoing,developments,technology,breakthrough."
F065,Hoax Confirmed by Sources,FAKE,"might,including,together,environmental,show.,ten,home,administration,national,history.,last,actually,economy,performance.,—,shocking,claims,hoax,surface,internet."
F239,Celebrity Scandal Confirmed by Sources,FAKE,"represent,case,pattern,red,identify.,likely,choose,benefit,impact,position,investment.,—,shocking,claims,celebrity,scandal,surface,internet."
F084,Miracle Drug Confirmed by Sources,FAKE,"dog,today,easy,writer,majority.,building,among,newspaper,glass,attention,discover,book.,—,shocking,claims,miracle,drug,surface,internet."
R120,New Report on Election,REAL,"information,culture,trial,class,phone,item,budget.,figure,church,take,religious.,responsibility,reason,mission.,experts,discuss,ongoing,developments,election."
F207,Government Cover-Up Confirmed by Sources,FAKE,"seek,tv,born,standard.,general,argue,else.,day,several,month,throughout,practice,church,view.,—,shocking,claims,government,cover-up,surface,internet."
R158,New Report on Economic Growth,REAL,"tend,avoid,general,heart.,particularly,start,doctor,cover,develop,news.,experts,discuss,ongoing,developments,economic,growth."
R097,New Report on Technology Breakthrough,REAL,"sea,present,ten,receive.,pressure,senior,time,culture,age.,institution,democratic,investment,defense,network,station,three.,experts,discuss,ongoing,developments,technology,breakthrough."
R092,New Report on Technology Breakthrough,REAL,"knowledge,light,performance,dark,worker,up.,poor,guess,great.,experts,discuss,ongoing,developments,technology,breakthrough."
F172,Hoax Confirmed by Sources,FAKE,"music,middle,water,explain,pattern,week,toward,executive.,among,opportunity,list,budget,young,nearly,foreign,open.,indeed,well,international,baby,continue,commercial.,—,shocking,claims,hoax,surface,internet."
R182,New Report on Economic Growth,REAL,"huge,condition,trial,notice.,boy,specific,mind,process.,experts,discuss,ongoing,developments,economic,growth."
F014,Secret Cure Confirmed by Sources,FAKE,"stock,first,want,create,reason.,newspaper,view,product,theory.,—,shocking,claims,secret,cure,surface,internet."
R230,New Report on Election,REAL,"anyone,region,there.,behavior,rate,instead,yeah,along.,experts,discuss,ongoing,developments,election."
F223,Government Cover-Up Confirmed by Sources,FAKE,"strong,little,grow,case,identify,either,quite.,organization,without,style,billion.,—,shocking,claims,government,cover-up,surface,internet."
R221,New Report on Policy,REAL,"way,tv,probably,lawyer.,director,line,may,couple.,church,behind,less,tv,able.,experts,discuss,ongoing,developments,policy."
R173,New Report on Climate Change,REAL,"instead,radio,behind,even,you.,experts,discuss,ongoing,developments,climate,change."
F249,Immortal Jellyfish Confirmed by Sources,FAKE,"perform,order,despite,seven,food.,possible,win,single,information,agency,street.,—,shocking,claims,immortal,jellyfish,surface,internet."
F112,Government Cover-Up Confirmed by Sources,FAKE,"start,century,concern,different,kitchen,decade,shoulder.,reach,still,news.,—,shocking,claims,government,cover-up,surface,internet."
R058,New Report on Budget Report,REAL,"rule,game,view,impact,teach,husband,view.,bank,across,trouble,new,writer,design.,experts,discuss,ongoing,developments,budget,report."
R159,New Report on Economic Growth,REAL,"throughout,interesting,smile,measure,look,hour.,experts,discuss,ongoing,developments,economic,growth."
R029,New Report on Economic Growth,REAL,"like,oil.,pick,task,option.,instead,mouth,remain,south,member.,experts,discuss,ongoing,developments,economic,growth."
R126,New Report on Research,REAL,"outside,seek,fight,four.,support,somebody,good,strategy,unit,toward.,experts,discuss,ongoing,developments,research."
R132,New Report on Education,REAL,"member,crime.,property,speech,foot,get.,people,action,memory,woman,become.,experts,discuss,ongoing,developments,education."
R025,New Report on Election,REAL,"gun,professional,low.,language,seek,home,send.,experts,discuss,ongoing,developments,election."
F214,Secret Cure Confirmed by Sources,FAKE,"husband,strong,trade,father,only.,yeah,cause,analysis.,couple,probably,send,point.,—,shocking,claims,secret,cure,surface,internet."
R177,New Report on Policy,REAL,"land,draw,within,career,present,professor,staff.,success,relationship,foreign.,experts,discuss,ongoing,developments,policy."
R196,New Report on Budget Report,REAL,"third,also,one,fire,huge,center.,letter,generation,list,movement,can.,word,congress,wrong,mission.,experts,discuss,ongoing,developments,budget,report."
R135,New Report on Budget Report,REAL,"western,certain,night,key,recognize,president,remember.,standard,cut,street.,experts,discuss,ongoing,developments,budget,report."
F152,Government Cover-Up Confirmed by Sources,FAKE,"pay,hold.,century,standard,thank.,participant,skin,court,two.,—,shocking,claims,government,cover-up,surface,internet."
F180,Secret Cure Confirmed by Sources,FAKE,"power,left,plant,pass,religious,court,actually.,mother,report,either,federal,room.,—,shocking,claims,secret,cure,surface,internet."
F003,Secret Cure Confirmed by Sources,FAKE,"population,half,pattern.,—,shocking,claims,secret,cure,surface,internet."
F244,Celebrity Scandal Confirmed by Sources,FAKE,"perhaps,particularly,work,involve,operation,eight,young.,church,time,different,meet,boy.,—,shocking,claims,celebrity,scandal,surface,internet."
F194,Immortal Jellyfish Confirmed by Sources,FAKE,"night,society,different,check,play,mission.,—,shocking,claims,immortal,jellyfish,surface,internet."
R044,New Report on Policy,REAL,"mission,play,affect,carry.,media,role,increase.,shake,blood,cost,than.,experts,discuss,ongoing,developments,policy."
R141,New Report on Economic Growth,REAL,"poor,student,project,option,growth,many,ability.,various,material,new,nearly.,usually,position,station.,experts,discuss,ongoing,developments,economic,growth."
R188,New Report on Climate Change,REAL,"imagine,away,film,stock,toward,action.,return,pretty,magazine,price,others.,experts,discuss,ongoing,developments,climate,change."
F010,Aliens Confirmed by Sources,FAKE,"agent,recognize,someone.,—,shocking,claims,aliens,surface,internet."
R106,New Report on Economic Growth,REAL,"ahead,act,police.,identify,image,price,specific,rather.,sort,system,green,article.,experts,discuss,ongoing,developments,economic,growth."
R049,New Report on Research,REAL,"company,five,right.,style,reflect,pull,thought,answer,eat.,head,friend,song,assume,least.,experts,discuss,ongoing,developments,research."
R144,New Report on Budget Report,REAL,"build,station,wonder,simple,democrat,build,easy.,reality,bad,many,fine,commercial.,try,conference,big,position,over.,experts,discuss,ongoing,developments,budget,report."
F199,Celebrity Scandal Confirmed by Sources,FAKE,"church,center,reality,skin,information.,near,wonder,student,someone,address,wrong,challenge,do.,—,shocking,claims,celebrity,scandal,surface,internet."
F215,Secret Cure Confirmed by Sources,FAKE,"fact,test,employee,task.,race,pretty,war,law.,particular,seven,campaign,most.,—,shocking,claims,secret,cure,surface,internet."
R176,New Report on Economic Growth,REAL,"stuff,eat,collection,dark,reason,win.,response,unit,east,along,work,new,little.,experts,discuss,ongoing,developments,economic,growth."
F105,Hoax Confirmed by Sources,FAKE,"fear,end,possible,international,computer,include,group.,trade,democratic,sell,environmental,dark,assume.,—,shocking,claims,hoax,surface,internet."
F031,Miracle Drug Confirmed by Sources,FAKE,"financial,site,listen,born,within,fire,rest.,success,conference,almost,city,case,hold.,—,shocking,claims,miracle,drug,surface,internet."
R206,New Report on Research,REAL,"wait,common,start,often,real,difference,article.,former,light,president,up.,experts,discuss,ongoing,developments,research."
F238,Secret Cure Confirmed by Sources,FAKE,"none,wife,reality.,direction,position,middle,half,left.,—,shocking,claims,secret,cure,surface,internet."
R027,New Report on Climate Change,REAL,"wife,adult,hair,bag,social,meeting.,experts,discuss,ongoing,developments,climate,change."
F169,Government Cover-Up Confirmed by Sources,FAKE,"nature,whether,experience,card.,week,return,much,important,night.,remember,director,offer,arrive,many,anything.,—,shocking,claims,government,cover-up,surface,internet."
F208,Aliens Confirmed by Sources,FAKE,"white,way,thank,play,parent.,page,whatever,reason,debate,particularly.,—,shocking,claims,aliens,surface,internet."
F212,Miracle Drug Confirmed by Sources,FAKE,"place,kitchen,inside.,mission,physical,walk,would.,charge,democrat,simple,page,available,boy.,—,shocking,claims,miracle,drug,surface,internet."
F032,Hoax Confirmed by Sources,FAKE,"road,hold,enter,type,step,at.,evidence,another,together,politics,music.,—,shocking,claims,hoax,surface,internet."
F109,Hoax Confirmed by Sources,FAKE,"individual,shoulder,spend.,enter,worry,suggest,third,trouble,company,discover.,number,full,peace,congress,become,safe.,—,shocking,claims,hoax,surface,internet."
R111,New Report on Policy,REAL,"every,yet,position,partner,source,choose.,nice,garden,finish,teacher,spring.,ever,term,law,way,wonder,alone.,experts,discuss,ongoing,developments,policy."
F078,Aliens Confirmed by Sources,FAKE,"happy,treat.,music,person,public,onto,fund,though,without,authority.,—,shocking,claims,aliens,surface,internet."
R105,New Report on Budget Report,REAL,"grow,west,item,together,mean,agreement.,top,source.,civil,conference,green,radio.,experts,discuss,ongoing,developments,budget,report."
F196,Government Cover-Up Confirmed by Sources,FAKE,"day,ahead,million,significant,meet,student,picture,first.,world,make,image,many,first.,—,shocking,claims,government,cover-up,surface,internet."
F118,Immortal Jellyfish Confirmed by Sources,FAKE,"certainly,animal,big,role.,executive,eye,public,ball,use,often,run.,—,shocking,claims,immortal,jellyfish,surface,internet."
F077,Secret Cure Confirmed by Sources,FAKE,"force,nice,boy,tough,single,which.,light,watch,evidence,interesting,eight.,yeah,appear,interesting,coach,during.,—,shocking,claims,secret,cure,surface,internet."
F070,Government Cover-Up Confirmed by Sources,FAKE,"fine,authority,knowledge,food,put.,information,police,throw,wall,anything,hear,performance.,board,mention,open,paper,stuff,this.,approach,subject,day,tree,range,front.,—,shocking,claims,government,cover-up,surface,internet."
F041,Immortal Jellyfish Confirmed by Sources,FAKE,"owner,base,high,throughout,out.,deal,alone,religious,it.,action,continue,seem,study,issue,ok,choice.,—,shocking,claims,immortal,jellyfish,surface,internet."
R026,New Report on Policy,REAL,"inside,mr,morning,clearly,type,traditional,audience.,decide,plan,sort,true,kid,specific,some.,experts,discuss,ongoing,developments,policy."
R207,New Report on Policy,REAL,"worker,fine,wish.,morning,social,actually,address,character,republican,us.,experts,discuss,ongoing,developments,policy."
F163,Secret Cure Confirmed by Sources,FAKE,"instead,member,past,some.,rather,city,ground,order,color,relate.,—,shocking,claims,secret,cure,surface,internet."
F171,Government Cover-Up Confirmed by Sources,FAKE,"across,cut,far,speech,despite.,discussion,lay,different,ten,southern.,democratic,finally,drive,likely,official,hour.,—,shocking,claims,government,cover-up,surface,internet."
F139,Immortal Jellyfish Confirmed by Sources,FAKE,"black,plan,mean.,leave,ever,best,majority,hand,popular,build.,share,show,source,book,adult.,—,shocking,claims,immortal,jellyfish,surface,internet."
F120,Miracle Drug Confirmed by Sources,FAKE,"thank,past,me.,current,call,staff,many,him.,nature,collection,room,key,act.,paper,effect,then.,—,shocking,claims,miracle,drug,surface,internet."
F146,Mind Control Confirmed by Sources,FAKE,"meeting,crime,law,control,space,like.,person,simply,suddenly,draw,need.,anything,experience,difference,goal.,—,shocking,claims,mind,control,surface,internet."
R115,New Report on Research,REAL,"challenge,science,serious,reveal,born,dream.,official,able,live,already,size,approach.,experts,discuss,ongoing,developments,research."
F039,Aliens Confirmed by Sources,FAKE,"remember,wall,around.,least,cold.,—,shocking,claims,aliens,surface,internet."
F225,Hoax Confirmed by Sources,FAKE,"forget,official,go,whatever,treat,morning,election.,hospital,usually,true,money,employee,child,wish.,also,democrat,interest,camera,similar,scientist.,—,shocking,claims,hoax,surface,internet."
F140,Aliens Confirmed by Sources,FAKE,"quickly,dark,window,i.,rich,official,treat,clear,adult.,—,shocking,claims,aliens,surface,internet."
F122,Mind Control Confirmed by Sources,FAKE,"property,box,thank,sing,miss,full,feel.,central,likely,brother,agent,plant.,—,shocking,claims,mind,control,surface,internet."
R070,New Report on Budget Report,REAL,"clear,law,one,daughter,share,particularly.,less,general,special,responsibility.,experts,discuss,ongoing,developments,budget,report."
F248,Celebrity Scandal Confirmed by Sources,FAKE,"various,develop,enjoy,its.,training,compare,knowledge,particularly,heavy,although.,space,billion,rich,soon,feeling,blue,or.,—,shocking,claims,celebrity,scandal,surface,internet."
R016,New Report on Technology Breakthrough,REAL,"adult,study,president,wonder,trouble,prevent.,consumer,teacher,civil.,record,east,bring,boy,approach,bar,whatever.,experts,discuss,ongoing,developments,technology,breakthrough."
R148,New Report on Technology Breakthrough,REAL,"prove,force,technology,attack.,image,ball,cold,benefit,political.,course,consider,born,live,game,well.,experts,discuss,ongoing,developments,technology,breakthrough."
R142,New Report on Budget Report,REAL,"mission,bring,resource,know,exactly,ground,structure,pressure.,day,almost,value,apply,direction,nice.,young,wide,together,town.,experts,discuss,ongoing,developments,budget,report."
F141,Miracle Drug Confirmed by Sources,FAKE,"artist,class,describe,specific,actually.,eat.,outside,imagine,scientist,nothing.,dream,treatment,card.,—,shocking,claims,miracle,drug,surface,internet."
R076,New Report on Technology Breakthrough,REAL,"move,note,statement,believe.,experts,discuss,ongoing,developments,technology,breakthrough."
R180,New Report on Budget Report,REAL,"return,law,west,approach,born,energy,market.,realize,brother,main,attack,fast,car,rest.,need,wife,let,concern,pass,hotel,often.,experts,discuss,ongoing,developments,budget,report."
F126,Aliens Confirmed by Sources,FAKE,"toward,different,dream,really,partner,raise.,current,term,foot,newspaper.,—,shocking,claims,aliens,surface,internet."
R134,New Report on Economic Growth,REAL,"ball,stop,politics,receive,full.,rock,according,young,full,ask.,plant,election,him.,experts,discuss,ongoing,developments,economic,growth."
F132,Mind Control Confirmed by Sources,FAKE,"likely,assume,evidence,newspaper,dog.,recently,at.,cold,per,smile,some.,—,shocking,claims,mind,control,surface,internet."
F230,Immortal Jellyfish Confirmed by Sources,FAKE,"city,type,onto,growth,thing,important.,important,tell,strategy,stage,message,society.,board,special,window,wear,garden,language.,—,shocking,claims,immortal,jellyfish,surface,internet."
F243,Aliens Confirmed by Sources,FAKE,"possible,order.,seem,star,offer.,—,shocking,claims,aliens,surface,internet."
R191,New Report on Budget Report,REAL,"quite,final,sit,popular,mean.,increase,process,game,exist,site,somebody,career.,experts,discuss,ongoing,developments,budget,report."
R130,New Report on Public Health,REAL,"make,far,born,national,sport.,finish,listen,contain.,food,mouth,help,democrat.,experts,discuss,ongoing,developments,public,health."
F081,Mind Control Confirmed by Sources,FAKE,"house,woman,everything,kid,marriage,defense.,—,shocking,claims,mind,control,surface,internet."
R209,New Report on Technology Breakthrough,REAL,"dog,perhaps,show,past.,system,section,main,treat,six,free.,experts,discuss,ongoing,developments,technology,breakthrough."
F228,Hoax Confirmed by Sources,FAKE,"thousand,decision,benefit,trip,end.,pressure,present,finally,age,change,consumer,generation,raise.,safe,provide,reality,claim,put.,—,shocking,claims,hoax,surface,internet."
R030,New Report on Budget Report,REAL,"suggest,understand,building,finally,fear,adult.,father,cause,east,simply,treatment,worker.,experts,discuss,ongoing,developments,budget,report."
R214,New Report on Education,REAL,"gun,mouth,wall.,turn,writer,nation,hold,foreign,later,stage.,experts,discuss,ongoing,developments,education."
R175,New Report on Economic Growth,REAL,"others,hundred,upon,administration.,especially,environment.,experts,discuss,ongoing,developments,economic,growth."
